key,default,fr,en,gb,it;;;;;
payplug_a24854748a79644ea78a127748b9e081;payplug.construct.description;;;;
payplugnotifications_070045a43ffc0c954761e803bf7ec0f7;The amount collected by PayPlug is not the same;Le montant collecté par PayPlug est différent;The amount collected by PayPlug is not the same;The amount collected by PayPlug is not the same;L'importo raccolto da PayPlug è diverso
payplugnotifications_baad4f460ebbb7b6080ffce28c800b87; as the total value of the order;du total de la commande; as the total value of the order; as the total value of the order;dal totale dell'ordine
payplugnotifications_ce2d9931d650f844d0e49ba70cf68376;Oney 3x;Oney 3x;Oney 3x;Oney 3x;Oney 3x
payplugnotifications_f9932dff56316ff55d6280cfeb91846e;Oney 4x;Oney 4x;Oney 4x;Oney 4x;Oney 4x
payplug_1249590cfb27680c6f59bd041edd812d;payplug.abortPayment.cannotAbort;Le paiement fractionné ne peut pas être annulé.;Cannot abort installment.;Cannot abort installment.;Impossibile interropere il pagamento frazionato.
payplug_50c92213aac3437fd7b6081ccb274cd8;payplug.adminAjaxController.settingsNotUpdated;Les changements n'ont pas été mis à jour.;Settings not updated;Settings not updated;Aggiornamento non riuscito
payplug_3b13b7b1ada74ffc106c25a47078e387;payplug.adminAjaxController.passwordInvalid;Le mot de passe saisi n'est pas valide;The password you entered is invalid;The password you entered is invalid;La password inserita non é corretta
payplug_60b031efb994d5c853cfc4816fab262e;payplug.adminAjaxController.credentialsNotCorrect;L'e-mail ou le mot de passe saisi est incorrect.;The email and/or password was not correct.;The email and/or password was not correct.;L'indirizzo mail e/o la password sono errati.
payplug_9a456bd25825e3c4d0f7a85105724f88;payplug.adminAjaxController.orderUpdated;La commande a été mise à jour avec succès.;Order successfully updated.;Order successfully updated.;Ordine aggiornato correttamente.
payplug_e3395d35ff1a202d63c0090d1c8772d4;payplug.assignContentVar.installment;Paiements fractionnés;Installment;Installment;Pagamento frazionato:  
payplug_e251932c6fafc34a274b99ebb9e6f70b;payplug.assignContentVar.deferred;Paiements différés;Deferred;Deferred;Pagamento differito: 
payplug_07b724fa5d5c3eca8a51696d412acece;payplug.assignContentVar.oney;Oney;Oney;Oney;Oney
payplug_f40145536110051efd072d7d3c6a56ea;payplug.assignSwitchConfiguration.showPayplug;Afficher le module Payplug à mes clients;Show Payplug to my customers;Show Payplug to my customers;Mostra PayPlug ai clienti
payplug_85910e0691a4205f890425497a1fc893;payplug.assignSwitchConfiguration.test;test;test;test;test
payplug_c9e5fd656b62ace2dbbae8cceab0a860;payplug.assignSwitchConfiguration.live;live;live;live;live
payplug_be68eac79ad39a8e98bfd7c15b9fa7a3;payplug.assignSwitchConfiguration.embedded;intégrée;embedded;embedded;integrata
payplug_af839f228c4f4ed3419092c5fbe8a2fa;payplug.assignSwitchConfiguration.redirected;redirigée;redirected;redirected;rediretta
payplug_8deca510ddb96ce73b4b888f1ac6bf45;payplug.assignSwitchConfiguration.yes;oui;yes;yes;si
payplug_5c8c18e98173556b72b7967275b7167e;payplug.assignSwitchConfiguration.no;non;no;no;no
payplug_7faae00658a5f76ad9cc9bc9a4c1ab42;payplug.adminAjaxController.card;Carte;Card;Card;Carta
payplug_ba28730b5824d52b120458b56e5283d5;payplug.buildPaymentDetails.live;LIVE;LIVE;LIVE;LIVE
payplug_7b7fac9977c51c0575969f611af5cec0;payplug.buildPaymentDetails.test;TEST;TEST;TEST;TEST
payplug_c932bec7b606a04b1278308bec3dfcbe;payplug.buildPaymentDetails.yes;OUI;YES;YES;SI
payplug_d4f89ce6867150e03f1d42744705ab80;payplug.buildPaymentDetails.no;NON;NO;NO;NO
payplug_3e4527e1fd3b7472f676f9ba82459a9b;payplug.buildPaymentDetails.deferred;en différé;deferred;deferred;differito
payplug_7e33109db492a78f226b730cb5d1739d;payplug.buildPaymentDetails.captureAuthorizedBefore;déclenchement autorisé avant le %s;capture authorized before %s;capture authorized before %s;Avvio autorizzata prima di %s
payplug_bcaeb61d421604fe73d92a367303dc6b;payplug.buildPaymentDetails.captureAuthorizedBeforeWarning;La capture de ce paiement est autorisée avant %s. Après cette date, vous ne pourrez plus être payé.;Capture of this payment is authorized before %s. After this date, you will not be able to get paid.;Capture of this payment is authorized before %s. After this date, you will not be able to get paid.;La cattura di questo pagamento è autorizzato, prima %s. Dopo questa data non potrai più essere pagato.
payplug_311ed00278a7081d7ad64d730e9f4a37;payplug.capturePayment.cannotCapture;Le paiement ne peut pas être capturé.;Cannot capture this payment.;Cannot capture this payment.;Il pagamento non può essere recuperato.
payplug_1a5ea175a58e46aec10650431fa85c8e;payplug.capturePayment.errorOccurred;Une erreur est survenue;An error has occurred;An error has occurred;C'è stato un errore
payplug_34fa0c97811e4367e795272fec7c20e5;payplug.capturePayment.captured.;Le paiement a été correctement capturé.;Payment successfully captured.;Payment successfully captured.;Il pagamento è stato correttamente recuperato.
payplug_9bd416a75a77a1f0f9cbfb6c24c78be3;payplug.catchErrorsFromApi.transactionNotCompleted;La transaction n'a pas pu aboutir, et votre carte n'a pas été débitée.;The transaction was not completed and your card was not charged.;The transaction was not completed and your card was not charged.;La transazione non è stata conclusa e non è stato effettuato alcun addebito sulla tua carta.
payplug_ac98647d8ff4a9a12280d177a7320510;payplug.checkConfiguration.curlExtension;L'extension php curl doit être installée et activée;PHP cURL extension must be enabled on your server;PHP cURL extension must be enabled on your server;l'estensione PHP cURL deve essere abilitata sul tuo server
payplug_01abf60a14b2f7a636aefbb242c981f7;payplug.checkConfiguration.phpVersion;La version PHP de votre serveur doit être la version 5.3 au minimum;Your server must run PHP 5.3 or greater;Your server must run PHP 5.3 or greater;Il tuo server deve essere su PHP 5.3 o maggiore
payplug_922fcab664e04e713b84bbd0d8a5c422;payplug.checkConfiguration.openssl;Votre serveur doit disposer d’une version 1.0.1 ou supérieure d'OpenSSL;OpenSSL 1.0.1 or later;OpenSSL 1.0.1 or later;Il tuo server deve essere OpenSSL 1.0.1 o successivo
payplug_4e6cb8f062db9b5389f11b30b50358fc;payplug.checkConfiguration.payplugAccount;Votre compte PayPlug doit-être connecté;You must connect your PayPlug account;You must connect your PayPlug account;Devi connetterti al tuo conto PayPlug
payplug_c3041f00ca79d002013f230bd5140f1a;payplug.checkConfiguration.issue;La configuration requise pour utiliser le module PayPlug n'est pas satisfaite. Une fois les problèmes corrigés, actualisez la page ou cliquez sur Vérifier.;Unfortunately at least one issue is preventing you from using Payplug. Refresh the page or click 'Check' once they are fixed;Unfortunately at least one issue is preventing you from using Payplug. Refresh the page or click 'Check' once they are fixed;"Potresti incontrare una difficoltà usando PayPlug. Aggiorna la pagina o clicca \Verifica\\ una volta corretti\\\\""\\""\"""""
payplug_79c15c5c35ff7c9de38c36c2db777a27;payplug.displayPopin.liveMode;Mode LIVE;LIVE mode;LIVE mode;modalità LIVE
payplug_a7e6337e001cbd04f7626d34b35b5448;payplug.displayPopin.enableFeature;Activer une fonctionnalité avancée;Enable advanced feature;Enable advanced feature;Attivare una funzionalità avanzata
payplug_a7b30c636f0247438180c36205cab603;payplug.displayPopin.saveSettings;Enregistrer les paramètres;Save settings;Save settings;Salva le impostazioni
payplug_1a1bbe7f08c890d9f11e03bc277b32e0;payplug.displayPopin.deactivate;Désactiver;Deactivate;Deactivate;Disattiva
payplug_bd8d794d4afa7c7cb260b86355386938;payplug.displayPopin.refund;Rembourser;Refund;Refund;Rimborsato
payplug_bb45a641e039d31a1fc6ea6823175854;payplug.displayPopin.suspendInstallment;Interrompre;Suspend installment;Suspend installment; Annullare la rata
payplug_a00e84654c78b6234306168547e40be5;payplug.displayPopin.deferred;;;;
payplug_e227d8247d5026ce50ba80bee9342974;payplug.gdprCardExport.brand;Marque;Brand;Brand;Tipo di carta
payplug_6a1b87ce4886b6d6b6a242b43656841f;payplug.gdprCardExport.country;Pays;Country;Country;Paese
payplug_e1150f12ca3aa8f005a54690f521ab7b;payplug.gdprCardExport.card;Carte;Card;Card;Carta
payplug_39f046397ac91c1a81db199cbbdc2954;payplug.gdprCardExport.expiryDate;Date d'expiration;Expiry date;Expiry date;Data di scadenza
payplug_953960de2084aeb568cf3e15a1292adb;payplug.getPaymentOptions.card;Carte;Card;Card;Carta
payplug_f124ae13259b9d4edece5b54993512d4;payplug.getPaymentOptions.expiryDate;Date d'expiration;Expiry date;Expiry date;Data di scadenza
payplug_bc6b0c0263e45d9b9affd794a3f826dc;payplug.getPaymentOptions.payDifferentCard;Payer avec une autre carte;Pay with a different card;Pay with a different card;Paga con una carta diversa
payplug_83e60fba69554a5f829488f69458de48;payplug.getPaymentOptions.payCreditCard;Payer par carte bancaire;Pay with a credit card;Pay with a credit card;Pagamento con carta di credito
payplug_b6db54ba27e4a2cd188915c9891bde3e;payplug.getPaymentOptions.payByCardInstallment;Payer en %d fois par carte bancaire;Pay by card in %d installments;Pay by card in %d installments;volte con carta di credito
payplug_8cbbefbbc036d56175fa34cc4ed2fdf4;payplug.getPaymentOptions.invalidAddresses;Indisponible pour le pays spécifié;Unavailable for the specified country;Unavailable for the specified country;Non disponibile per il paese specificato
payplug_9ea5e176a20f9f14c8a7c6d75cd9e084;payplug.getPaymentOptions.invalidAmount;Uniquement entre 100€ et 3000€ d’achat;Only between 100€ and 3000€ purchase;Only between 100€ and 3000€ purchase; Solo tra 100 € e 3000 €
payplug_4929cc1470a0d9160fc0ae0805274694;payplug.getPaymentOptions.invalidCarrier;Indisponible avec ce mode de livraison;Unavailable for this shipping method;Unavailable for this shipping method;Non disponibile per questo metodo di spedizione
payplug_53f4a41ab6d3316c9da1ada62948d722;payplug.getPaymentOptions.invalidCart;Votre panier est indisponible;Your cart is unavailable;Your cart is unavailable;Il tuo carrello non è disponibile
payplug_078ed84f95595cd3a2d3e072e2a10d84;payplug.getPaymentOptions.errorOccurred;Une erreur est survenue;An error has occurred;An error has occurred;C'è stato un errore
payplug_17de4c685248dc4807a28e806605f580;payplug.getPaymentOptions.payWithOney;Payer en %sx par carte bancaire avec Oney;Pay by card in %sx with Oney;Pay by card in %sx with Oney;Paga con la carta in %sx con Oney
payplug_a432f809e2b680ea5e752e570b372393;payplug.hookActionDeleteGDPRCustomer.unableDelete;PayPlug : Unable to delete customer saved cards.;PayPlug : Unable to delete customer saved cards.;PayPlug : Unable to delete customer saved cards.;PayPlug : Impossibile cancellare il save card del cliente.
payplug_5428457c441d4d06d6c1e689d7714348;payplug.hookActionExportGDPRData.unableToExport;PayPlug : Unable to export customer saved cards.;PayPlug : Unable to export customer saved cards.;PayPlug : Unable to export customer saved cards.;PayPlug : Impossibile esportare il save card del cliente.
payplug_ad04da01785298dab5b07e984de48a28;payplug.hookDisplayAdminOrderMain.live;live;live;live;live
payplug_b4eea0f6be993e2ccd15efedd22f77d7;payplug.hookDisplayAdminOrderMain.test;test;test;test;test
payplug_aa9d53b86fba5f60f31f8f352f4ab648;payplug.hookDisplayAdminOrderMain.ongoing;en cours;ongoing;ongoing;in corso
payplug_56be02fc0a037528c968cf3b02e550f0;payplug.hookDisplayAdminOrderMain.paid;PAYÉ;PAID;PAID;PAGATO
payplug_845ae9f74ab3fc63d56d1482f0550fb3;payplug.hookDisplayAdminOrderMain.suspended;interrompu;suspended;suspended;sospeso
payplug_f7fa27acafedc54c28de8c02c063be41;payplug.hookDisplayAdminOrderMain.notPaid;NON PAYÉ;NOT PAID;NOT PAID;NON PAGATO
payplug_783d6e470f89ea53276dd08beea04150;payplug.hookDisplayAdminOrderMain.refunded;REMBOURSÉ;REFUNDED;REFUNDED;RIMBORSATO
payplug_9a6e99a336a1b5a22defc2094e090b92;payplug.hookDisplayAdminOrderMain.partiallyRefunded;PARTIELLEMENT REMBOURSÉ;PARTIALLY REFUNDED;PARTIALLY REFUNDED;RIMBORSATO PARZIALMENTE
payplug_6fedad30658be643e4b71415a5c1eb27;payplug.hookDisplayAdminOrderMain.unavailable;Non disponible en mode test;Unavailable in test mode;Unavailable in test mode;Non disponibile in modalità Test
payplug_a7ae738098d23cf38e5e54b4d7745c6c;payplug.hookDisplayAdminOrderMain.card;Carte;Card;Card;Carta
payplug_5d5f048eeb32b7db2d391ecd63f69a13;payplug.hookDisplayAdminOrderMain.yes;OUI;YES;YES;SI
payplug_dd937b292c4d56258c3d052b234848ea;payplug.hookDisplayAdminOrderMain.no;NON;NO;NO;NO
payplug_278fa2865dfbf530d3d1cc803084f501;payplug.hookHeader.transactionNotCompleted;La transaction n'a pas été effectuée et votre carte n'a pas été débitée.;The transaction was not completed and your card was not charged.;The transaction was not completed and your card was not charged.;
payplug_c103a7a8c6477682b63c04caa7ba3742;payplug.hookHeader.loading;Chargement;Loading;Loading;Caricamento in corso
payplug_d91212e96d7d90b874228f43999f7e4e;payplug.preparePayment.transactionNotCompleted;La transaction n'a pas pu aboutir, et votre carte n'a pas été débitée.;The transaction was not completed and your card was not charged.;The transaction was not completed and your card was not charged.;La transazione non è stata conclusa e non è stato effettuato alcun addebito sulla tua carta.
payplug_c791a267e7913ceb4c969b51687e7523;payplug.preparePayment.fieldsNotCompleted;Au moins un champ n'a pas été completé correctement;At least one of the fields is not correctly completed.;At least one of the fields is not correctly completed.;Almeno un campo non è stato completato correttamente.
payplug_c4371f1eb480bb9579359b8a54dee436;payplug.refundPayment.incorrectAmount;Le montant à rembourser est incorrect;Incorrect amount to refund;Incorrect amount to refund;Importo non corretto da rimborsare.
payplug_7e781f0dc171d0cfdf9dba70bfa4f70e;payplug.refundPayment.amountAtLeast;Le montant à rembourser doit être d'au moins 0.10€;The amount to be refunded must be at least 0.10€;The amount to be refunded must be at least 0.10€;L'importo del rimborso deve essere almeno € 0,10
payplug_5c446e2cf622154c5c2adfb199e5e77a;payplug.refundPayment.cannotRefund;Le remboursement n'a pas été effectué. Assurez-vous que le montant est correct puis essayez à nouveau.;Cannot refund that amount.;Cannot refund that amount.;L'importo non può essere rimborsato.
payplug_27ec39e9a1d6272a48c0b91b8d679443;payplug.refundPayment.errorOccurred;Une erreur est survenue;An error has occurred;An error has occurred;C'è stato un errore
payplug_3eaa3b62815d7a5dd90dbe998c744362;payplug.refundPayment.success;Le montant à été correctement remboursé;Amount successfully refunded.;Amount successfully refunded.;L'importo é stato rimborsato con successo.
payplug_c3cd0891c9ad29c1d74bb4cebc0bc925;payplug.setConfigurationProperties.confirmUninstall;;Are you sure you wish to uninstall this module and delete your settings?;Are you sure you wish to uninstall this module and delete your settings?;
payplug_020c93f3a1786dcd1eba5921b50c09cc;payplug.setConfigurationProperties.keepCards;Toutes les cartes enregistrées par vos clients seront conservées.;All the registered cards of your customer will be kept.;All the registered cards of your customer will be kept.;Tutte le carte di credito del tuo cliente saranno memorizzate.
payplug_72cdf590525ea64bb848c62d4c055b3a;payplug.setConfigurationProperties.removeCards;Toutes les cartes enregistrées par vos clients seront supprimées.;All the registered cards of your customer will be deleted.;All the registered cards of your customer will be deleted.;Tutte le carte di credito del tuo cliente saranno eliminate.
payplug_f527d8dc5e1b22e3fd97ea2bb253108b;payplug.setConfigurationProperties.configureModule;Afin d'accepter les paiements, vous devez configurer votre module en connectant votre compte PayPlug.;In order to accept payments you need to configure your module by connecting your PayPlug account.;In order to accept payments you need to configure your module by connecting your PayPlug account.;Per accettare pagamenti, devi configurare il tuo modulo collegando il tuo account PayPlug.
payplug_ebd1af8a9014068c4dd7ffdec9e7c5ab;payplug.setConfigurationProperties.notPaid;non payé;not paid;not paid;non pagato
payplug_779a5250f73e8a7b12fcfa8e83ae0b94;payplug.setConfigurationProperties.paid;payé;paid;paid;pagato
payplug_e7b9c5b7a8fe259e6c12ce8239860e95;payplug.setConfigurationProperties.failed;échoué;failed;failed;pagamento fallito
payplug_0c8d9f2cbab52f173e62830b23e2c4f0;payplug.setConfigurationProperties.partiallyRefunded;remboursé partiellement;partially refunded;partially refunded;rimborsato parzialmente
payplug_5b83778d10bdd7c3ff091a93b1286458;payplug.setConfigurationProperties.refunded;remboursé;refunded;refunded;rimborsato
payplug_eee37319eddb9a9510e03db5b37abde9;payplug.setConfigurationProperties.onGoing;à venir;on going;on going;in corso
payplug_b17f424277b3ae648edcead5333a7fca;payplug.setConfigurationProperties.cancelled;annulé;cancelled;cancelled;annullato
payplug_8fa58593d06773fe158018a5eecb06d3;payplug.setConfigurationProperties.authorized;autorisé;authorized;authorized;autorizzato
payplug_178a1778e1eae5441f2dd79bacd94900;payplug.setConfigurationProperties.authorizationExpired;autorisation expirée;authorization expired;authorization expired;autorizzazione scaduta
payplug_4184226d54ba4ad13a534c30e72e58f5;payplug.setConfigurationProperties.oneyPending;Oney en attente;Oney pending;Oney pending;Oney in attesa
payplug_19157a39b29e8ca1d158d1222ca5536a;payplug.setConfigurationProperties.abandoned;Abandonné;abandoned;abandoned;Abbandonato
payplug_90fd33b1ec48694b0fbb6e28ae7d9b30;payplug.submitAccount.credentialsNotCorrect;;;;
payplug_590106f30df9af8c52fd754d5f824411;payplug.submitSettings.settingsNotUpdated;;;;
payplugvalidation_cef5ffe1ea30cca7818c988c27467aed;The transaction was not completed and your card was not charged.;La transaction n'a pas été effectuée et votre carte n'a pas été débitée.;The transaction was not completed and your card was not charged.;The transaction was not completed and your card was not charged.;La transazione non è stata conclusa e non è stato effettuato alcun addebito sulla tua carta.
payplugvalidation_ce2d9931d650f844d0e49ba70cf68376;Oney 3x;Oney 3x;Oney 3x;Oney 3x;Oney 3x
payplugvalidation_f9932dff56316ff55d6280cfeb91846e;Oney 4x;Oney 4x;Oney 4x;Oney 4x;Oney 4x
adminpaypluginstallmentcontroller_b718adec73e04ce3ec720dd11a06a308;ID;ID;ID;ID;ID
adminpaypluginstallmentcontroller_c89e900cc5ca9744094b101499e7f7ce;Installment ID;ID paiement fractionné;Installment ID;Installment ID;Rata ID
adminpaypluginstallmentcontroller_1e63d1811556fc2dad106dcbd4217a69;Payment ID;ID paiement;Payment ID;Payment ID;Pagamento ID
adminpaypluginstallmentcontroller_5d4710f9a8250b13164a82c94d5b00d1;Order reference;Référence;Order reference;Order reference;Riferimento
adminpaypluginstallmentcontroller_ce26601dac0dea138b7295f02b7620a7;Customer;Client;Customer;Customer;Cliente
adminpaypluginstallmentcontroller_ac2e397ffc0808f909e9712ca575c121;Order total;Total commande;Order total;Order total;Totale dell'ordine
adminpaypluginstallmentcontroller_e6091f4bfdc5f8b7921ac78ca6ed47a0;Installment payment #;Numéro d'échéance;Installment payment #;Installment payment #;Rata #
adminpaypluginstallmentcontroller_8dabefa15f1904e2e5e4f3b430ac6842;Installment amount;Montant échéance;Installment amount;Installment amount;Importo della rata
adminpaypluginstallmentcontroller_9ffda6fe3fafd7dce4c184512c2fccb4;PayPlug payment status;Statut Paiement Payplug;PayPlug payment status;PayPlug payment status;Status del pagamento PayPlug
adminpaypluginstallmentcontroller_44749712dbec183e983dcd78a7736c41;Date;Date;Date;Date;Date
adminpaypluginstallmentcontroller_0095a9fa74d1713e43e370a7d7846224;Export;Export;Export;Export;Export
ajax_f51396ebc5142204e3d187dd8097b15d;Incorrect amount to refund;Le montant à rembourser est incorrect;Incorrect amount to refund;Incorrect amount to refund;Importo non corretto da rimborsare.
ajax_f0516f2e40049866cf48ee09765bf881;The amount to be refunded must be at least 0.10 €;Le montant à rembourser doit être d'au moins 0.10€;The amount to be refunded must be at least 0.10 €;The amount to be refunded must be at least 0.10 €;L'importo del rimborso deve essere almeno € 0,10
ajax_2197bc57f08292482b9ed1e905fb79cb;Cannot refund that amount.;Le remboursement n'a pas été effectué. Assurez-vous que le montant est correct puis essayez à nouveau.;Cannot refund that amount.;Cannot refund that amount.;L'importo non può essere rimborsato.
ajax_8db5bd2272b51b3525ad7661c10d8b2b;An error has occurred;Une erreur est survenue;An error has occurred;An error has occurred;C'è stato un errore
ajax_96fe48f26db5ef9012806cdc0605e74f;Amount successfully refunded.;Le montant à été correctement remboursé;Amount successfully refunded.;Amount successfully refunded.;L'importo é stato rimborsato con successo.
ajax_018e79acf2129521e285ad211e6b1912;Order successfully updated.;La commande a été mise à jour avec succès.;Order successfully updated.;Order successfully updated.;Ordine aggiornato correttamente.
dispatcher_cef5ffe1ea30cca7818c988c27467aed;The transaction was not completed and your card was not charged.;La transaction n'a pas pu aboutir, et votre carte n'a pas été débitée.;The transaction was not completed and your card was not charged.;The transaction was not completed and your card was not charged.;La transazione non è stata conclusa e non è stato effettuato alcun addebito sulla tua carta.
php_version_484e842f99d03422fa10151e75ab98b9;admin.phpversion.heading;PRESENTATION;PRESENTATION;PRESENTATION;PRESENTAZIONE
php_version_371b6a7f7531bc89aa4c813a8f98f9c6;admin.phpversion.title;La solution de paiement qui augmente vos ventes;The payment solution that increases your sales;The payment solution that increases your sales;La soluzione di pagamento che aumenta le tue vendite
php_version_11f45251bf119ff45530345f807aa965;admin.phpversion.headlist;PayPlug offre aux e-commerçants tous les avantages d’une solution complète de paiement en ligne.;PayPlug provides merchants all the benefits of a full online payment solution.;PayPlug provides merchants all the benefits of a full online payment solution.;PayPlug fornisce ai rivenditori tutti i vantaggi di una soluzione completa di pagamento on line.
php_version_48633807d82bf30dc50da6f4e0947ff4;admin.phpversion.card;Acceptez toutes les cartes CB, Visa, MasterCard françaises et internationales;Accept all Visa and MasterCard credit and debit cards;Accept all Visa and MasterCard credit and debit cards;Puoi accettare tutte le carte di credito e debito Visa e MasterCard
php_version_ec36b20c94c8267c75e8522a139189bd;admin.phpversion.integrated;Affichez le formulaire de paiement directement dans votre boutique, sans redirection;Display the payment form directly on your website, without redirection;Display the payment form directly on your website, without redirection;Mostra il modulo di pagamento direttamente sul tuo sito, senza redirezione
php_version_1b1efef90fc217b58f77abba192ddc67;admin.phpversion.custom;Personnalisez votre page de paiement en utilisant votre design et vos couleurs;Customise your payment page with your own colours and design;Customise your payment page with your own colours and design;Personalizza la tua pagina di pagamento con i tuoi colori e design
php_version_46c402e7f69e54d4ddfdb026157195a8;admin.phpversion.secure;Évitez la fraude en utilisant le 3D-Secure;Avoid fraud by using Verified by Visa and MasterCard Secure Code;Avoid fraud by using Verified by Visa and MasterCard Secure Code;Evita la frode usando Verified by Visa and MasterCard Secure Code
php_version_2198405cb62d1a36f7824ad094260221;admin.phpversion.automatic;Mise à jour des commandes automatique et confirmation par email;Automatic order update and email confirmation;Automatic order update and email confirmation;Aggiornamento automatico dell'ordine e mail di conferma
php_version_f683d3e42054dfba0264b623e35be77f;admin.phpversion.history;Interface permettant la gestion des paiements et l'export CSV des transactions;Web interface to manage and export transaction history;Web interface to manage and export transaction history;Interfaccia web per gestire ed esportare lo storico delle transazioni
php_version_096f5099565dd56d7c8d1c76bb8197a7;admin.phpversion.fast;Disponibilité des fonds sur le compte bancaire sous 2 à 5 jours ouvrés;Funds available on your bank account within 2 to 5 business days;Funds available on your bank account within 2 to 5 business days;Fondi disponibili sul tuo conto bancario entro 2 o 5 giorni lavorativi
php_version_6880cdbc64b3ac7fbaa8db1c93d8ce0f;admin.phpversion.wrongPhpVersion;La version de PHP que vous utilisez n'est pas compatible avec cette version du module PayPlug car elle est antérieure à PHP 5.6.;The version of PHP you are using is not compatible with this version of the PayPlug plugin because it is prior to PHP 5.6.;The version of PHP you are using is not compatible with this version of the PayPlug plugin because it is prior to PHP 5.6.;La versione PHP che stai utilizzando non è compatibile con questa versione del modulo Payplug, in quanto precedente a PHP 5.6.
php_version_6c55f8dc7a5345a058639f6e4781e5b8;admin.phpversion.beforeLink;Rendez-vous sur notre ;Go to our ;Go to our ;Visita la nostra 
php_version_c98af6170031f29c3eb458d5c1436efe;admin.phpversion.link;page support;support page;support page;pagina di supporto
php_version_57c04380845c79b92174b346a4018392;admin.phpversion.afterLink; pour récupérer une version compatible avec votre boutique.; to obtain a version compatible with your store.; to obtain a version compatible with your store.; per ottenere una versione compatibile con il tuo negozio online.
admin_uninstall_configuration_96f4b8e98e77cb6409c71ef3b166da19;Uninstall configuration;Désinstaller  la configuration;Uninstall configuration;Uninstall configuration;Disinstalla la configurazione
admin_uninstall_configuration_39cd5fc4ef81a34cf31927fea2f9a043;Keep cards;Garder les cartes;Keep cards;Keep cards;Mantieni le carte
admin_uninstall_configuration_832033570386564995e06477d4057abf;Enable Debug mode;Activer le mode debug;Enable Debug mode;Enable Debug mode;Attiva la modalità Debug
admin_uninstall_configuration_7469a286259799e5b37e5db9296f00b3;YES;OUI;YES;YES;SI
admin_uninstall_configuration_f5b9feca9ae5347976ca001437662708;Disable one click payment;Désactiver le paiement en un clic;Disable one click payment;Disable one click payment;Disattiva il pagamento one click
admin_uninstall_configuration_c2f3f489a00553e7a01d369c103c7251;NO;NON;NO;NO;NO
admin_uninstall_configuration_b17f3f4dcf653a5776792498a9b44d6a;Update settings;Mettre à jour les paramètres;Update settings;Update settings;Aggiorna le impostazioni
admin_740819a7dc6b0b1a8a7fa0c871d9b878;PRESENTATION;PRESENTATION;PRESENTATION;PRESENTATION;PRESENTAZIONE
admin_500f0e02dead20d5160ed144ae2ba846;The payment solution that increases your sales;La solution de paiement qui augmente vos ventes;The payment solution that increases your sales;The payment solution that increases your sales;La soluzione di pagamento che aumenta le tue vendite
admin_21316ef9b6abdf52d0dd1ee8ef0549ba;PayPlug provides merchants all the benefits of a full online payment solution.;PayPlug offre aux e-commerçants tous les avantages d’une solution complète de paiement en ligne.;PayPlug provides merchants all the benefits of a full online payment solution.;PayPlug provides merchants all the benefits of a full online payment solution.;PayPlug fornisce ai rivenditori tutti i vantaggi di una soluzione completa di pagamento on line.
admin_2c12dc7813a322ee5a9c56d1515c9c13;Accept all Visa and MasterCard credit and debit cards;Acceptez toutes les cartes CB, Visa, MasterCard françaises et internationales;Accept all Visa and MasterCard credit and debit cards;Accept all Visa and MasterCard credit and debit cards;Puoi accettare tutte le carte di credito e debito Visa e MasterCard
admin_a280a5026f18f89359a0c62fb2036ece;Display the payment form directly on your website, without redirection;Affichez le formulaire de paiement directement dans votre boutique, sans redirection;Display the payment form directly on your website, without redirection;Display the payment form directly on your website, without redirection;Mostra il modulo di pagamento direttamente sul tuo sito, senza redirezione
admin_b230aa6048c68c81234e04a860c2cb14;Customise your payment page with your own colours and design;Personnalisez votre page de paiement en utilisant votre design et vos couleurs;Customise your payment page with your own colours and design;Customise your payment page with your own colours and design;Personalizza la tua pagina di pagamento con i tuoi colori e design
admin_8d002532f8aaa402d78e01b944878379;Avoid fraud by using Verified by Visa and MasterCard Secure Code;Évitez la fraude en utilisant le 3D-Secure;Avoid fraud by using Verified by Visa and MasterCard Secure Code;Avoid fraud by using Verified by Visa and MasterCard Secure Code;Evita la frode usando Verified by Visa and MasterCard Secure Code
admin_1d8b5ba4e8dabf85facf6e37c5dbe2e3;Automatic order update and email confirmation;Mise à jour des commandes automatique et confirmation par email;Automatic order update and email confirmation;Automatic order update and email confirmation;Aggiornamento automatico dell'ordine e mail di conferma
admin_0da08d6f9dcebff50b6dc8cc1a7ff3b1;Web interface to manage and export transaction history;Interface permettant la gestion des paiements et l'export CSV des transactions;Web interface to manage and export transaction history;Web interface to manage and export transaction history;Interfaccia web per gestire ed esportare lo storico delle transazioni
admin_5f183c4202884334e2f48c094ea06ee2;Funds available on your bank account within 2 to 5 business days;Disponibilité des fonds sur le compte bancaire sous 2 à 5 jours ouvrés;Funds available on your bank account within 2 to 5 business days;Funds available on your bank account within 2 to 5 business days;Fondi disponibili sul tuo conto bancario entro 2 o 5 giorni lavorativi
admin_0e4fefcc7f5461ca828af1703f00c28b;For more information about installing and configuring the plugin, please consult;Pour toute question concernant l'installation et la configuration du module, vous pouvez consulter l'article disponible sur;For more information about installing and configuring the plugin, please consult;For more information about installing and configuring the plugin, please consult;Per ulteriori informazioni sull'istallazione e configurazione del modulo, si prega di consultare
admin_b862e9f2904096707cab3be27c18aaf0;this support article;la page suivante;this support article;this support article;il seguente articolo del Support
details_88427ec035734b45aae9f7d8859a5008;Transaction ID;ID PayPlug du paiement;Transaction ID;Transaction ID;ID Payplug del pagamento
details_a1fa27779242b4902f7ae3bdd5c6d508;Type;Type;Type;Type;Type
details_ec53a8c4f07baed5d8825072c89799be;Status;Statut;Statut;Statut;Statut
details_b2f40690858b404ed10e62bdf422c704;Amount;Montant;Amount;Amount;Montante
details_be3ac0cfe96feee34b4e12ac3472494e;Authorized on;Autorisé le;Authorized on;Authorized on;Autorizzato il
details_14145b0ac8fa7640b7371bcee02e45d7;Paid at;Payé le;Paid at;Paid at;Pagato il
details_e7f9e382dc50889098cbe56f2554c77b;Credit card;Carte de paiement;Credit card;Credit card;Carta di pagamento
details_453e6aa38d87b28ccae545967c53004f;Unavailable;Indisponible;Unavailable;Unavailable;Non disponibile
details_c7d4153f748ba1dd21ae002c37c00906;Card mask;Masque de la carte;Card mask;Card mask;Le ultime 4 cifre della carta
details_217c01a08bee4c2fa33d59a6ddc69806;3-D Secure;3-D Secure;3-D Secure;3-D Secure;3-D Secure
details_5abc7a3ac0ae1545cc801303727f53da;Expiry Date;Date d'expiration;Expiry Date;Expiry Date;Data di scadenza
details_650be61892bf690026089544abbd9d26;Mode;Mode;Mode;Mode;Modalità
refunded_4bf290898e0226ffb1041cd114347e4d;Refund your customer on his card directly with Payplug;Rembourser avec PayPlug;Refund your customer on his card directly with Payplug;Refund your customer on his card directly with Payplug;Rimborsa con PayPlug
refunded_7ca1373ac3a64cc5381dc5b5b5c74219;This transaction was entirely refunded with Payplug;Cette transaction a été intégralement remboursée avec PayPlug;This transaction was entirely refunded with Payplug;This transaction was entirely refunded with Payplug;Questa transazione é stata rimborsata con PayPlug
refunded_12f740fe0fd9cdebebd2a0cb5aadfa95;Amount refunded:;Montant remboursé :;Amount refunded:;Amount refunded:;Importo rimborsato:
order_7dc6df1573a0a85fc5de252401098d0c;Payplug payment details;Détail du paiement PayPlug;Payplug payment details;Payplug payment details;Dettagli di pagamento PayPlug
order_8d49a0528d1f5a7d4283cc00f9a08f4b;Capture of this payment is authorized before %s. After this date, you will not be able to get paid.;La capture de ce paiement est autorisée avant le %s. Après cette date, vous ne pourrez plus être payé.;Capture of this payment is authorized before %s. After this date, you will not be able to get paid.;Capture of this payment is authorized before %s. After this date, you will not be able to get paid.;L'avvio di questo pagamento è autorizzato prima del %s. Successivamente, non potrai più ricevere questo pagamento
update_ee19a5b4e629f12ccab7e31449826748;Update this order;Mettre à jour cette commande;Update this order;Update this order;Aggiorna questo ordine
update_06933067aafd48425d67bcb01bba5cb6;Update;Mettre à jour;Update;Update;Aggiorna
refund_4bf290898e0226ffb1041cd114347e4d;Refund your customer on his card directly with Payplug;Rembourser avec PayPlug;Refund your customer on his card directly with Payplug;Refund your customer on his card directly with Payplug;Rimborsa con PayPlug
refund_1666e5c37779e7041dd51aa3d10eff61;Amount already refunded with Payplug : ;Montant déjà remboursé avec Payplug :;Amount already refunded with Payplug : ;Amount already refunded with Payplug : ;Importo già rimborsato con PayPlug:
refund_01ddb6831cdf22a0055a2a42a09482d6;Amount still refundable with Payplug : ;Montant disponible pour effectuer un remboursement avec Payplug :;Amount still refundable with Payplug : ;Amount still refundable with Payplug : ;Importo disponibile da rimborsare via PayPlug:
refund_554cd9e547629109b77e4c60ddd44da3;Amount to be refunded;Montant à rembourser;Amount to be refunded;Amount to be refunded;Totale da rimborsare
refund_de0585357d47ceb0dbbe92118bcf2a64;"Change Prestashop order state to ""Refunded""";"Changer le statut de commande de Prestashop à \Remboursé\\\\\\""""";"Change Prestashop order state to \Refunded\\\\\""\\""\\""\\""\""""";"Change Prestashop order state to \Refunded\\\\\\""""";"Cambia lo stato d'ordine di Prestashop in \Rimborsato\\\\\""\\""\\""\\""\"""""
refund_76f0ed934de85cc7131910b32ede7714;Refund;Rembourser;Refund;Refund;Rimborsato
refund_3e220cc8128d7b270226d79b84ebce33;The refund will be possible 48h after the last payment or refund transaction.;Le remboursement sera possible 48h après la dernière transaction de paiement ou de remboursement.;The refund will be possible 48h after the last payment or refund transaction.;The refund will be possible 48h after the last payment or refund transaction.;The refund will be possible 48h after the last payment or refund transaction.
installment_1717748ecd906b762e6011dde5f41884;This order is subjected to an installment plan, whose status is;Cette commande fait l’objet d’un paiement en plusieurs fois, dont le statut est :;This order is subjected to an installment plan, whose status is;This order is subjected to an installment plan, whose status is;Questo ordine è soggetto a pagamento rateale, quindi lo stato è
installment_e66ee8fbda58a23ade6612addd735eb7;Payment schedule ID;Numéro d’échéancier;Payment schedule ID;Payment schedule ID;Numero di programma
installment_44749712dbec183e983dcd78a7736c41;Date;Date;Date;Date;Datato
installment_b2f40690858b404ed10e62bdf422c704;Amount;Montant;Amount;Amount;Importo
installment_ec53a8c4f07baed5d8825072c89799be;Status;État;Status;Status;Stato
installment_3ec365dd533ddb7ef3d1c111186ce872;Details;Détails;Details;Details;Dettagli
installment_721c28f4c74928cc9e0bb3fef345e408;Aborted;Interrompu;Aborted;Aborted;Interrotto
installment_727b63583e01fa2b3952dab580c84dc2;Abort;Interrompre;Abort;Abort;Interrompere
capture_44a50f07b4bdc57740901280f9eddaf5;Capture;Déclencher;Capture;Capture;Catturare
refund_data_1666e5c37779e7041dd51aa3d10eff61;Amount already refunded with Payplug : ;Montant déjà remboursé avec Payplug :;Amount already refunded with Payplug : ;Amount already refunded with Payplug : ;Importo già rimborsato con Payplug:
refund_data_01ddb6831cdf22a0055a2a42a09482d6;Amount still refundable with Payplug : ;Montant disponible pour effectuer un remboursement avec Payplug :;Amount still refundable with Payplug : ;Amount still refundable with Payplug : ;Importo disponibile per effettuare un rimborso con Payplug:
settings_ed6f7aca7887a927b9ed3d62aa347a86;SETTINGS;PARAMÈTRES;SETTINGS;SETTINGS;IMPOSTAZIONI
settings_d28bd7a206f65da8676098b46b803cf0;You are able to perform only TEST transactions.;Vous pouvez effectuer des transactions en mode TEST.;You are able to perform only TEST transactions.;You are able to perform only TEST transactions.;Puoi effettuare transazioni solo in fase TEST.
settings_94cb47d890cbd4a457ea57dd1ccbfaa8;Please activate your account to perform LIVE transactions.;Vous devez activez votre compte pour accepter des paiements en mode LIVE.;Please activate your account to perform LIVE transactions.;Please activate your account to perform LIVE transactions.;Attiva il tuo conto per effettuare transazioni LIVE.
settings_ab066b3292d8ab61ef3b5c77169cdd19;More information;Plus d'information;More information;More information;Ulteriori informazioni
settings_fe4c6a5e7bd6793b37370e4e46daf998;Advanced settings;Paramètres avancés;Advanced settings;Advanced settings;Impostazioni avanzate
settings_b17f3f4dcf653a5776792498a9b44d6a;Update settings;Mettre à jour les paramètres;Update settings;Update settings;Aggiorna impostazioni
login_b57e2519e26151feacdbe52076bc39ec;CONNECT;CONNEXION;CONNECT;CONNECT;CONNETTITI
show_e205336b3b23c2fa65284333c5f0956f;Display to customers;Afficher;Display to customers;Display to customers;Mostra PayPlug ai clienti
show_b987dc3f2a9c3202e15b0dbd03eb312e;Before being able to display PayPlug to your customers you need to connect your PayPlug account below.;Connectez-vous ci-dessous à votre compte PayPlug pour pouvoir afficher le module à vos clients.;Before being able to display PayPlug to your customers you need to connect your PayPlug account below.;Before being able to display PayPlug to your customers you need to connect your PayPlug account below.;Connettiti qui di seguito al tuo conto PayPlug per poter rendere visibile il modulo ai tuoi clienti.
show_c0a284b3959d1e187e9a7560c76161a5;Show Payplug to my customers;Afficher le module Payplug à mes clients;Show Payplug to my customers;Show Payplug to my customers;Mostra PayPlug ai clienti
fieldset_5f241c8c8f985b3c51e05d39cf030f4c;STATUS;ÉTAT;STATUS;STATUS;STATO
fieldset_32c0cf92e6d3e45d88748ec32135b289;Version of PayPlug module:;Version du module Payplug :;Version of PayPlug module:;Version of PayPlug module:;Versione del modulo PayPlug:
fieldset_060bf2d587991d8f090a1309b285291c;Check;Vérifier;Check;Check;Verifica
embedded_d35acbb07d2841712a937d5748e9bdc2;Payment page;Page de paiement;Payment page;Payment page;Pagina di pagamento
embedded_9d271e949d80d6dc284b801c533124fe;Payments are performed in an embeddable payment form.;Les paiements sont effectués dans un formulaire intégré dans votre boutique.;Payments are performed in an embeddable payment form.;Payments are performed in an embeddable payment form.;I pagamenti sono effettuati in una pagina di pagamento integrabile.
embedded_e5e6e92741ab5d10e8f0f0eb35b37c5f;The customers will pay without being redirected.;Vos clients pourront effectuer des transactions directement depuis votre boutique.;The customers will pay without being redirected.;The customers will pay without being redirected.;I clienti pagheranno senza essere rediretti.
embedded_1f1d3da2e63ec19456e33fa811c81041;Customize my payment page.;Personnaliser ma page de paiement.;Customize my payment page.;Customize my payment page.;Personalizza la mia pagina di pagamento.
embedded_ebfb18fdefe0647011c75dbab1412ca1;The customers will be redirected to a PayPlug payment page to finalize the transaction.;Vos clients seront redirigés vers une page de paiement hébergée par PayPlug.;The customers will be redirected to a PayPlug payment page to finalize the transaction.;The customers will be redirected to a PayPlug payment page to finalize the transaction.;I clienti verranno rediretti verso una pagina di pagamento PayPlug per finalizzare la transazione.
standard_28399047289b5edb68832944845c0894;admin.panel.setting.standard.label;Paiement par carte;Payment by credit card;Payment by credit card;Pagamento con carta di credito
standard_dfeb50d18bb38533e34a3ab9f636d797;admin.panel.setting.standard.content;Proposez le paiement par carte bancaire à vos clients.;Offer payment by credit card to your customers.;Offer payment by credit card to your customers.;Proponi il pagamento con carta di credito ai tuoi clienti.
deferred_40a84afbec2ddc1e86d0772888a68941;Defer the payment capture;Différer le déclenchement du paiement;Defer the payment capture;Defer the payment capture;Differisci l'acquisizione del pagamento
deferred_aac960a647e6cff88049b927f529ee2e;Finalize payment later, when order has been shipped for instance. The funds will be blocked for a period of 7 days maximum once the payment has been authorized.;Finalisez le paiement ultérieurement, par exemple à l’expédition de la commande. Les montants sont bloqués sur une période de 7 jours maximum à compter de la date d’autorisation.;Finalize payment later, when order has been shipped for instance. The funds will be blocked for a period of 7 days maximum once the payment has been authorized.;Finalize payment later, when order has been shipped for instance. The funds will be blocked for a period of 7 days maximum once the payment has been authorized.;Finalizzate il pagamento in futuro, ad esempio alla spedizione dell'ordine. I montanti sono bloccati entro un periodo di 7 giorni al massimo a partire dalla data d'autorizzazione.
deferred_998b807d121a4daa046bc4ce983d34ea;More information.;En savoir plus.;More information.;More information.;Per saperne di più.
deferred_31f6f2f140c26265e928745bc572aafe;During the 7 days of the authorization, capture payments whose state is :;Pendant les 7 jours d’autorisation, déclencher les paiements dont l’état devient :;During the 7 days of the authorization, capture payments whose state is :;During the 7 days of the authorization, capture payments whose state is :;Durante i 7 giorni d'autorizzazione, avviare i pagamenti quando lo status diviene :
deferred_3832f23de142ded677e649f9833ce413;-- Choose an order state --;-- Choisissez un statut --;-- Choose an order state --;-- Choose an order state --;-- Scegliere uno status --
deferred_be43c72d18421ca43a83bbd732189ac6;You have to choose an order state.;Vous devez choisir un statut.;You have to choose an order state.;You have to choose an order state.;Voi dovete scegliere uno status
installment_4f623785d72bba502487b033434853ba;admin.panel.setting.installment.label;Activer les paiements fractionnés non garantis;Enable non garanteed payments by installments;Enable non garanteed payments by installments;Attiva i pagamenti rateizzati non garantiti
installment_ac924ae7c6cbcfe26ea8928845727f3f;Allow customers to spread out payments over 2, 3 or 4 installments.;Permettez à vos clients d’échelonner le paiement de leurs commandes en 2, 3, ou 4 fois.;Allow customers to spread out payments over 2, 3 or 4 installments.;Allow customers to spread out payments over 2, 3 or 4 installments.;Permetti ai tuoi clienti di dilazionare i pagamenti relativi ai loro ordini in 2, 3 o 4 rate.
installment_f990e553cdc4c29c2efffba33e08a8c7;Learn more.;En savoir plus.;Learn more.;Learn more.;Per saperne di più.
installment_381665869000be567e4a891084207172;Payments by installment are not guaranteed. A default of payment may occur for the upcoming installments.;Les paiements en plusieurs fois ne sont pas garantis. Un défaut de paiement peut survenir lors des échéances futures.;Payments by installment are not guaranteed. A default of payment may occur for the upcoming installments.;Payments by installment are not guaranteed. A default of payment may occur for the upcoming installments.;I pagamenti rateizzati non sono garantiti. Uno degli addebiti futuri potrebbe non andare a buon fine.
installment_7650b35a9e3fe0a7dcfc75b1f8868a78;You can consult all your past and pending installment payments in;Vous pourrez consulter toutes vos échéances de paiement en plusieurs fois passées et à venir dans;You can consult all your past and pending installment payments in;You can consult all your past and pending installment payments in;Puoi consultare le tue scadenze dei pagamenti frazionati passati e futuri nel
installment_7e4e22d718065b41f435fac4c02a0f08;a dedicated menu;un menu dédié;a dedicated menu;a dedicated menu;menù dedicato
installment_7e1116740115c0d74e4127c852b7e19b;made accessible from the navigation bar, and in the details of each order within the;accessible depuis la barre de navigation, ainsi qu'au niveau de chaque commande dans l'encadré;made accessible from the navigation bar, and in the details of each order within the;made accessible from the navigation bar, and in the details of each order within the;, accessibile dalla barra di navigazione e in ogni ordine nel riquadro di
installment_d030d20db32a7f06a399e16f2e291e23;Payment with PayPlug;Paiement avec PayPlug;Payment with PayPlug;Payment with PayPlug;pagamento PayPlug
installment_eef6401ad9d929e60aba0dc460ff3ba8;bloc.;.;bloc.;bloc.;.
installment_2d0e2bac257418eea01a153a662fb9ee;Enable payments:;Activez le paiement;Enable payments:;Enable payments:;Attiva il pagamento
installment_bf404cb64ace7ad1b6fe7da378f836b1;in 2 installments;en 2 fois;in 2 installments;in 2 installments;in 2 rate
installment_7d4bee4c07cefb40e413d2972122867b;in 3 installments;en 3 fois;in 3 installments;in 3 installments;in 3 rate
installment_ceca88a557f1cc1e6834f5e939558c18;in 4 installments;en 4 fois;in 4 installments;in 4 installments;in 4 rate
installment_c4dc62df9762904a3e07cbb67806bca3;Enable this option from:;Activez cette option à partir de;Enable this option from:;Enable this option from:;Attiva questa opzione per somme a partire da
installment_fe69dce0f3230790ca7ef0341dc9d4bf;Amount must be greater than 4€ and lower than 20000€.;Le montant doit être supérieur à 4€ et inférieur à 20000€.;Amount must be greater than 4€ and lower than 20000€.;Amount must be greater than 4€ and lower than 20000€.;Il totale deve essere superiore a 4€ ed inferiore a 20000€.
installment_62452e2fa424941832dc58435add9baa;Receive:;Recevez;Receive:;Receive:;Ricevi
installment_d0403983b51fff6bda368ca8f66c2054;of order amount on the first day;du montant de la commande le jour du paiement;of order amount on the first day;of order amount on the first day;del totale dell'ordine il giorno del pagamento
installment_c65a7c39a37cfdf4e1ae63fe52cbfe71;of order amount after 30 days;du montant de la commande à J+30;of order amount after 30 days;of order amount after 30 days;del totale dell'ordine dopo 30 giorni
installment_5a5148dcdf25c435d452c110e55fab4c;of order amount after 60 days;du montant de la commande à J+60;of order amount after 60 days;of order amount after 60 days;del totale dell'ordine dopo 60 giorni
installment_2020b5dcab00eaaf6621fe30c8806aec;of order amount after 90 days;du montant de la commande à J+90;of order amount after 90 days;of order amount after 90 days;del totale dell'ordine dopo 90 giorni
oney_249cbcba7e12b6f306d087d9d17c48bf;admin.panel.setting.oney.label;Activer les paiements fractionnés garantis avec Oney;Enable garanteed installment Payments with Oney;Enable garanteed installment Payments with Oney;Attiva i pagamenti rateizzati garantiti Oney
oney_fe6c0722a97f8fc5aed036c7f16c8339;Allow customers to spread out payments over 3 or 4 installments from %d € to %d €.;Permettez à vos clients d’échelonner le paiement de leurs commandes en 3x, 4x à partir de %d € jusqu’à %d €.;Allow customers to spread out payments over 3 or 4 installments from %d € to %d €.;Allow customers to spread out payments over 3 or 4 installments from %d € to %d €.;Permetti ai tuoi clienti di scaglionare il pagamento dei loro ordini in 3x, 4x a partire da %d € e fino a %d €.
oney_f990e553cdc4c29c2efffba33e08a8c7;Learn more.;En savoir plus.;Learn more.;Learn more.;Per saperne di più.
oney_bfd65bf2ef4e13b630973235f69e1bb4;I integrated the mandatory fields to my terms and conditions on my website.;J’ai intégré les mentions obligatoires Oney aux CGV sur mon site.;I integrated the mandatory fields to my terms and conditions on my website.;I integrated the mandatory fields to my terms and conditions on my website.;Ho incluso le menzioni obbligatorie Oney alle CGV sul mio sito.
oney_33b0504f0b776f2c13381c543bf2017c;Go further;Pour aller plus loin :;Go further;Go further;Versare aller plus lombo:
oney_65ce6b12de05d7a1af6190b2ac9153c7;Maximise your customers\' experience with dynamic calculations of the 3 and 4 instalments by switching on to the advanced configuration.;Optimisez l’expérience avec un calcul dynamique des échéanciers en 3 et 4 fois.;Maximise your customers' experience with dynamic calculations of the 3 and 4 instalments by switching on to the advanced configuration.;Maximise your customers' experience with dynamic calculations of the 3 and 4 instalments by switching on to the advanced configuration.;Ottimizza l'esperienza con una dinamica dinamica degli échéanciers in 3 e 4 piedi.
one_click_cea985da4143cee6631bf7048633e935;admin.panel.setting.oneclick.label;Activer les paiements en un clic;Enable one-click payments;Enable one-click payments;Attivare i pagamenti in un click
one_click_09290bbf6b0598e60b97c3b1bd44161b;admin.panel.setting.oneclick.content;Permettez à vos clients d'enregistrer leurs coordonnées de carte de paiement pour effectuer ultérieurement d'autres transactions.;Allow customers to save their credit card information for later purchases;Allow customers to save their credit card information for later purchases;Permetti ai clienti di memorizzare le informazioni della loro carta di credito per ulteriori acquisti 
one_click_c5911ec14acf9721f1c3cdece83c86bf;admin.panel.setting.oneclick.link;En savoir plus.;Learn more.;Learn more.;Per saperne di più.
sandbox_650be61892bf690026089544abbd9d26;Mode;Mode;Mode;Mode;Modalità
sandbox_77c3eb6aeafe60a4d58c65b6823b2dec;In TEST mode, all payments will be simulations and will not generate real transactions.;En mode TEST, tous les paiements sont des simulations et ne génèreront pas de transactions réelles.;In TEST mode, all payments will be simulations and will not generate real transactions.;In TEST mode, all payments will be simulations and will not generate real transactions.;Pagamenti in modalità TEST, sono simulazioni e non generano transazioni reali.
sandbox_f990e553cdc4c29c2efffba33e08a8c7;Learn more.;En savoir plus.;Learn more.;Learn more.;Per saperne di più.
sandbox_0bcd992a2481b78d045f59b6b59da440;In LIVE mode, the payments will generate real transactions.;En mode LIVE, vous acceptez des paiements réels.;In LIVE mode, the payments will generate real transactions.;In LIVE mode, the payments will generate real transactions.;In modalità LIVE, i pagamenti generano transazioni reali.
connected_627e1b1426e5db88ee6b79d9c5ccc332;Account connected;Compte connecté;Account connected;Account connected;Conto connesso
connected_e70f93a6ad1c65d2b6dc8ac7569e8ebd;Payplug Portal;Portail PayPlug;Payplug Portal;Payplug Portal;Portale PayPlug
connected_42ae25231906c83927831e0ef7c317ac;Disconnect;Se déconnecter;Disconnect;Disconnect;Disconnetti
disconnected_ce8ae9da5b7cd6c3df2929543a9af92d;Email;E-mail;Email;Email;Email
disconnected_8b5dd64ab8d0b8158906796b53a200e2;E-mail address;Adresse E-mail;E-mail address;E-mail address;Indirizzo E-mail
disconnected_bbc1a783fdde5e4cf38810fe1ec75e82;E-mail address is not valid.;L'adresse E-mail est invalide;E-mail address is not valid.;E-mail address is not valid.;L'indirizzo E-mail non é valido
disconnected_dc647eb65e6711e155375218212b3964;Password;Mot de passe;Password;Password;Password
disconnected_36d190267368ff7f3f58eacef82be025;Password must be a least 8 caracters long.;Le mot de passe doit contenir 8 caractères minimum.;Password must be a least 8 caracters long.;Password must be a least 8 caracters long.;La password deve essere di almeno 8 caratteri
disconnected_01a569ddc6cf67ddec2a683f0a5f5956;Forgot your password?;Mot de passe oublié ?;Forgot your password?;Forgot your password?;Hai dimenticato la password?
disconnected_5a70fa9bcb546858a137c11468967f5e;Connect account;Connexion;Connect account;Connect account;Accedi al tuo conto
disconnected_e7115c36c576e92587f81766ecaaef2f;Don\'t have an account?;Vous n'avez pas de compte ?;Don't have an account?;Don't have an account?;Non hai un conto?
disconnected_d9776f0775997b2e698c6975420b5c5d;Sign up;Inscrivez-vous;Sign up;Sign up;Firma
deferred_72baeae7945bd8c3dd2d8eb8a451b128;admin.popin.deferred.text;Text [1]descriptif[/1] et ici, [2]en italique[/2] puis isi, [1]en gras[/1];;;
deferred_f0e9528cdbef74b2eafcdc12f9ee1c7d;admin.popin.deferred.submit;;;;
refund_6837a3317937d8a516a12466eb60ef7e;You can refund your customer on his card from the Refund with Payplug section located on this page.;Vous pouvez directement effectuer le remboursement sur la carte de paiement de votre client depuis la partie Détail du paiement PayPlug.;You can refund your customer on his card from the Refund with Payplug section located on this page.;You can refund your customer on his card from the Refund with Payplug section located on this page.;Puoi rimborsare il tuo cliente su questa carta dalla sezione Rimborsa, situata su questa pagina.
refund_ab066b3292d8ab61ef3b5c77169cdd19;More information;Plus d'information;More information;More information;Ulteriori informazioni
refund_a60852f204ed8028c1c58808b746d115;Ok;Ok;Ok;Ok;Ok
deactivate_97d1a61bc7f96c334b30a88b2f75fde6;Payplug will no longer be displayed as a payment option to your customers.;Le module PayPlug ne sera plus affiché dans les solutions de paiement proposées à vos clients.;Payplug will no longer be displayed as a payment option to your customers.;Payplug will no longer be displayed as a payment option to your customers.;PayPlug non sarà più visualizzato dai suoi clienti come un'opzione di pagamento.
deactivate_ea4788705e6873b424c65e91c2846b19;Cancel;Annuler;Cancel;Cancel;Annulla
deactivate_03667315cfda61b24a2ae02c6668e10e;SAVE SETTINGS;ENREGISTRER;SAVE SETTINGS;SAVE SETTINGS;REGISTRA
abort_ee0e1d790f03b5624f5febce5a0dfd01;Are you sure you want to suspend the installment plan on this order?;Souhaitez-vous interrompre le paiement en plusieurs fois sur cette commande ?;Are you sure you want to suspend the installment plan on this order?;Are you sure you want to suspend the installment plan on this order?;Vuoi interrompere il pagamento rateale su questo ordine ?
abort_bfc5d8b32c3c54d5cba76525ed56af39;Your customer won’t be charged on the due dates.;Votre client ne sera pas prélevé aux échéances prévues.;Your customer won’t be charged on the due dates.;Your customer won’t be charged on the due dates.;Il tuo cliente non verrà prelevato alle prossime scadenze
abort_ea4788705e6873b424c65e91c2846b19;Cancel;Annuler;Cancel;Cancel;Cancella
abort_b3834d6f7a63e5e750e0ca5ecf31e3b9;Suspend;Interrompre;Suspend;Suspend;Annullare
activate_7a718b1e142a14456b42eb45906c3a0c;You need to activate your account before performing LIVE transactions.;Vous devez activez votre compte pour accepter des paiements en mode LIVE.;You need to activate your account before performing LIVE transactions.;You need to activate your account before performing LIVE transactions.;Devi attivare il tuo conto prima di generare transazioni LIVE.
activate_ea4788705e6873b424c65e91c2846b19;Cancel;Annuler;Cancel;Cancel;Cancella
activate_c0e1a495d527370f5ab1ea42061d9786;Activate account;Activer mon compte;Activate account;Activate account;Attiva il conto
pwd_d698469a293eb8d935d4e9496c53caed;Please enter your Payplug account password;Veuillez saisir votre mot de passe de votre compte PayPlug;Please enter your Payplug account password;Please enter your Payplug account password;Si prega di inserire la password del tuo conto PayPlug
pwd_ea4788705e6873b424c65e91c2846b19;Cancel;Annuler;Cancel;Cancel;Cancella
pwd_a60852f204ed8028c1c58808b746d115;Ok;Ok;Ok;Ok;Ok
confirm_03d63c25f89f68af800c0f62990ac232;admin.popin.confirm.top;Les paramètres suivants seront enregistrés :;The following settings will be saved:;The following settings will be saved:;Il modulo di Payplug sarà visualizzato:
confirm_4d0b6d054fc1ebd256e7e74f35a8166f;admin.popin.confirm.mode;Mode :;Mode:;Mode:;Modalità
confirm_9db2814db25585bef9bbc5b1ba33565d;admin.popin.confirm.test;TEST;TEST;TEST;TEST
confirm_5469a5c519bc382a13cf11af4f1ec8f4;admin.popin.confirm.live;LIVE;LIVE;LIVE;LIVE
confirm_12b6caea6a913cad6b3f402f8860c8e8;admin.popin.confirm.standard;;;;
confirm_20077a78abf3e32a3d9fe03cf0f9fd35;admin.popin.confirm.enabled;ACTIVÉ;ENABLED;ENABLED;ATTIVATO
confirm_5baf1765401da71243e6bdc61afa87a1;admin.popin.confirm.disabled;DESACTIVÉ;DISABLED;DISABLED;DISATTIVATO
confirm_d9221ad9f319acf615f618586dc168ed;admin.popin.confirm.one_click;Paiements en un clic :;One-click payments:;One-click payments:;Pagamenti one-click:
confirm_51294f4d69b5d0a65759018a42d54674;admin.popin.confirm.embedded;INTEGRÉ;EMBEDDED;EMBEDDED;INTEGRATO
confirm_d6b71909b1a4285e2b113d3684bb1477;admin.popin.confirm.redirected;REDIRIGÉ;REDIRECTED;REDIRECTED;REDIRETTO
confirm_8c0afa6560ba2f9316aad573ad356448;admin.popin.confirm.oney;Paiements 3x, 4x Oney :;Payments 3x, 4x Oney:;Payments 3x, 4x Oney:;Pagamenti 3x, 4x Oney:
confirm_d04a199a844296a12712bb4b1f486918;admin.popin.confirm.installment;Paiements fractionnés :;Installments :;Installments :;Pagamento a rate:
confirm_b7ce4651ae343650e198e27606e98952;admin.popin.confirm.deferred;Paiements différés :;Deferred payments :;Deferred payments :;Pagamenti differiti :
confirm_7d924e395ce3578ffa699e3d318450a2;admin.popin.confirm.error;;;;
confirm_9e6d15a9e2b0b4e66e144e6deb82e203;admin.popin.confirm.cancel;Annuler;Cancel;Cancel;Cancella
confirm_c6cc0a742c32418973454e0be8307f8d;admin.popin.confirm.save;ENREGISTRER;SAVE SETTINGS;SAVE SETTINGS;REGISTRA
premium_63a3db3db721a0f3b9552227f773c729;You don\'t have access to this feature. For more information, please contact us via our website : ;Vous n’avez pas accès à cette fonctionnalité. Pour plus d’informations, veuillez nous contacter via notre site : ;You don't have access to this feature. For more information, please contact us via our website : ;You don't have access to this feature. For more information, please contact us via our website : ;Non hai accesso a questa funzione. Per più informazioni contattaci tramite il nostro sito web: 
premium_a60852f204ed8028c1c58808b746d115;Ok;Ok;Ok;Ok;Ok
save_a6489557b8e386d5c51fb94e856981ea;Your configuration have been saved;Votre configuration a bien été enregistrée.;Your configuration have been saved;Your configuration have been saved;La tua configurazione è stata salvata
save_a60852f204ed8028c1c58808b746d115;Ok;Ok;Ok;Ok;Ok
cards_1_6_36c94bd456cf8796723ad09eac258aef;Manage my account;Gérer mon compte;Manage my account;Manage my account;Gestire il mio conto
cards_1_6_d95cf4ab2cbf1dfb63f066b50558b07d;My account;Mon compte;My account;My account;Il mio account
cards_1_6_5950a70a3ccf0d0cd27b69fd21b19872;Saved cards;Cartes bancaires sauvegardées;Saved cards;Saved cards;Carte registrate
cards_1_6_0d2d5fa0cfffc8577f948d683a82079e;Card sucessfully deleted.;Carte supprimée avec succès.;Card sucessfully deleted.;Card sucessfully deleted.;La carta é stata eliminata con successo.
cards_1_6_1d565b9e5303987bb1b1938d5d458bca;Card;Carte;Card;Card;Carta
cards_1_6_1be6f9eb563f3bf85c78b4219bf09de9;Brand;Marque;Brand;Brand;Tipo di carta
cards_1_6_c7d4153f748ba1dd21ae002c37c00906;Card mask;Masque;Card mask;Card mask;Le ultime 4 cifre della carta
cards_1_6_95b16127e70e8a90220404fb48343182;Expiry date;Date d'expiration;Expiry date;Expiry date;Data di scadenza
cards_1_6_f2a6c498fb90ee345d997f888fce3b18;Delete;Supprimer;Delete;Delete;Elimina
cards_1_6_5dd2199ad68327cc76d583b057aee7d5;card;carte;card;card;carta
cards_1_6_1069362eee49306ddabce2fbe4411835;You have no card registered yet.;Aucune carte n'est enregistrée pour le moment.;You have no card registered yet.;You have no card registered yet.;Non hai ancora una carta registrata.
cards_1_6_0b3db27bc15f682e92ff250ebb167d4b;Back to Your Account;Retour à Mon Compte;Back to Your Account;Back to Your Account;Torna al tuo conto
cards_1_6_8cf04a9734132302f96da8e113e80ce5;Home;Accueil;Home;Home;Home
cards_list_807bcef3f33f11623310535338ef7afc;Saved Cards;Cartes enregistrées;Saved Cards;Saved Cards;Carte registrate
cards_list_4f03f1cd406f90dc896b029ac3d4af76;Here are the cards you have saved.;Voici la liste de vos cartes enregistrées.;Here are the cards you have saved.;Here are the cards you have saved.;Le tue carte registrate
cards_list_1d565b9e5303987bb1b1938d5d458bca;Card;Carte;Card;Card;Carta
cards_list_1be6f9eb563f3bf85c78b4219bf09de9;Brand;Marque;Brand;Brand;Tipo di carta
cards_list_c7d4153f748ba1dd21ae002c37c00906;Card mask;Masque;Card mask;Card mask;Le ultime 4 cifre della carta
cards_list_95b16127e70e8a90220404fb48343182;Expiry date;Date d'expiration;Expiry date;Expiry date;Data di scadenza
cards_list_f2a6c498fb90ee345d997f888fce3b18;Delete;Supprimer;Delete;Delete;Elimina
cards_list_5dd2199ad68327cc76d583b057aee7d5;card;Carte;card;card;carta
cards_list_1069362eee49306ddabce2fbe4411835;You have no card registered yet.;Aucune carte n'est enregistrée pour le moment.;You have no card registered yet.;You have no card registered yet.;Non hai ancora una carta registrata.
order-confirmation_cad582a88fd1c270ee49b3a2f236dcb6;Your payment is pending, it should validated by Payplug in a few seconds.;Votre paiement est en attente, il devrait être validé par PayPlug dans quelques secondes.;Your payment is pending, it should validated by Payplug in a few seconds.;Your payment is pending, it should validated by Payplug in a few seconds.;Il tuo pagamento é in attesa, dovrebbe essere confermato da PayPlug in pochi secondi.
order-confirmation_1f1c53bb4ba4365de25444cfdbace869;An email will be sent to your email address to confirm payment.;Un email sera envoyé sur votre adresse email pour confirmer le paiement.;An email will be sent to your email address to confirm payment.;An email will be sent to your email address to confirm payment.;Una mail sarà inviata al tuo indirizzo di posta elettronica per confermare il pagamento.
order-confirmation_b17ae8b5a6a2a870816126faf1a88da5;Your payment has been validated !;Votre paiement a été validé !;Your payment has been validated !;Your payment has been validated !;Il tuo pagamento é stato confermato !
order-confirmation_e28b1245d3810003295787de8c235fb5;An email has been sent to your email address to confirm payment.;Un email a été envoyé sur votre adresse email pour confirmer le paiement.;An email has been sent to your email address to confirm payment.;An email has been sent to your email address to confirm payment.;Una mail é stata inviata al tuo indirizzo di posta elettronica per confermare il pagamento.
order-confirmation_8ea82c5f8b4825d683f2fc0202ccdb14;Order summary :;Récapitulatif de la commande :;Order summary :;Order summary :;Riepilogo dell'ordine :
order-confirmation_eae9c553a9ba6b913ec08183247bd58a;Reference : ;Référence :;Reference : ;Reference : ;Riferimento:
order-confirmation_b632d5925615d201370e7bbffa2ed5d7;Total amount : ;Montant total :;Total amount : ;Total amount : ;Importo complessivo:
installment_ca516cb9160343cca4ea8136d4acc427;Pay by card in;Payer en;Pay by card in;Pay by card in;Paga
installment_7d41ca7af6f495d8e3432f8a4544f253;installments;fois par carte bancaire;installments;installments;volte con carta di credito
one_click_2f0d80d0c610b9d8b39016c3f999fd22;Credit card checkout;Payer par carte bancaire;Credit card checkout;Credit card checkout;Pagamento con carta di credito
one_click_95b16127e70e8a90220404fb48343182;Expiry date;Date d'expiration;Expiry date;Expiry date;Data di scadenza
one_click_a8a99b6d77daaaa9872be789ce786fd2;Pay with a different card;Payer avec une autre carte;Pay with a different card;Pay with a different card;Paga con una carta diversa
one_click_25e8f2fd2871c8423bbe4e254066cd98;Please wait...;Veuillez patienter...;Please wait...;Please wait...;Si prega di attendere...
one_click_99938b17c91170dfb0c2f3f8bc9f2a85;Pay;Payer;Pay;Pay;Pagare
messages_a60852f204ed8028c1c58808b746d115;Ok;Ok;Ok;Ok;Ok
schedule_6702a6e3bc2dce95c3e3b61fe578f29c;Amount:;Montant :;Amount:;Amount:;Per un totale di :
schedule_27eee3035a4c08284bfee82ababe49e6;Contribution: ;Premier apport :;Contribution: ;Contribution: ;Primo apporto :
schedule_50df9ae96246d6eb7d6e8a667c4f01be;Financing cost:;Coût de financement :;Financing cost:;Financing cost:;Costo del finanziamento :
schedule_d8c95bbe3381aefc91f51bb6f92de615;TAEG:;TAEG :;TAEG:;TAEG:;TAEG :
schedule_42e70b576ae1a435fdfaf7ac632c4236;Installment no%d:;Mensualité n°%d :;Installment no%d:;Installment no%d:;Mensilità n°%d:
schedule_66c4c5112f455a19afde47829df363fa;Total:;Total :;Total:;Total:;Totale :
cta_56bceb8ced57f091efeea206f1163f20;Or pay in;Ou payer en;Or pay in;Or pay in;O pagare in
popin_d3d2e617335f08df83599665eef8a418;Close;Fermer;Close;Close;Chiudere
popin_99938b17c91170dfb0c2f3f8bc9f2a85;Pay;Payer;Pay;Pay;Pagare
popin_1c9a3b69a045f449e60f3f2aa06d4588;by card;par carte bancaire;by card;by card;tramite carta di credito
popin_05db6d24e779f385e197ae37aaac54de;Oney is momentarily unavailable.;Paiement avec Oney indisponible.;Oney is momentarily unavailable.;Oney is momentarily unavailable.;Pagamento tramite Oney non disponibile.
required_457b9475d1c9a6552be6b672a261d553;Missing information(s);Information(s) manquante(s);Missing information(s);Missing information(s);Informazioni mancanti
required_ca74a33411999c3a84468c9c26e1d7c7;Your billing address:;Votre adresse de facturation;Your billing address:;Your billing address:;Tuo indirizzo di fatturazione
required_8b3e7a31906cd5399cb76daa00066c64;Your shipping address:;Votre adresse de livraison;Your shipping address:;Your shipping address:;Tuo indirizzo di spedizione
required_412f045fede1c1c2a678ea8f07fa2442;Validate and restart;Valider et continuer;Validate and restart;Validate and restart;Convalida e continua
required_7ddfc98e2d39b73634ddfd4a7a5b7b78;Informations saved;Informations enregistrées;Informations saved;Informations saved;Informazioni registrate
required_f76579ec7d7a4822123b03b53b8bee13;Click Oney again to continue;Cliquez à nouveau sur Oney pour continuer;Click Oney again to continue;Click Oney again to continue;Fare di nuovo clic su Oney per continuare
required_a60852f204ed8028c1c58808b746d115;Ok;OK;Ok;Ok;Ok
required_ea4788705e6873b424c65e91c2846b19;Cancel;Annuler;Cancel;Cancel;Annullare
payment_857c6756c12ade188400a6c60384191e;Pay by card in 3 or 4;Payer en 3x ou 4x par carte bancaire;Pay by card in 3 or 4;Pay by card in 3 or 4;Pagare in 3x o 4x tramite carta
options_05db6d24e779f385e197ae37aaac54de;Oney is momentarily unavailable.;Paiement avec Oney indisponible.;Oney is momentarily unavailable.;Oney is momentarily unavailable.;Pagamento tramite Oney non disponibile.
detail_6702a6e3bc2dce95c3e3b61fe578f29c;Amount:;Pour un montant de :;Amount:;Amount:;Per un totale di :
detail_27eee3035a4c08284bfee82ababe49e6;Contribution: ;Premier apport :;Contribution: ;Contribution: ;Primo apporto :
detail_50df9ae96246d6eb7d6e8a667c4f01be;Financing cost:;Coût du financement :;Financing cost:;Financing cost:;Costo del finanziamento :
detail_d8c95bbe3381aefc91f51bb6f92de615;TAEG:;TAEG :;TAEG:;TAEG:;TAEG :
detail_42e70b576ae1a435fdfaf7ac632c4236;Installment no%d:;Mensualité n°%d :;Installment no%d:;Installment no%d:;Mensilità n°%d:
detail_66c4c5112f455a19afde47829df363fa;Total:;Total :;Total:;Total:;Totale :
my_account_5950a70a3ccf0d0cd27b69fd21b19872;Saved cards;Cartes sauvegardées;Saved cards;Saved cards;Carte registrate
my_account_9a5b5b8ce74c1f2f1cecbfd517fe1128;Your Prestashop version is not compatible;Votre version de Prestashop n'est pas compatible;Your Prestashop version is not compatible;Your Prestashop version is not compatible;La tua versione Prestashop non é compatibile
prestashopspecific16_16bfbf9c462762cf1cba4134ec53c504;Loading;Chargement;Loading;Loading;Caricamento in corso
oneyrepository_16bfbf9c462762cf1cba4134ec53c504;Loading;Chargement;Loading;Loading;Caricamento in corso
oneyrepository_05db6d24e779f385e197ae37aaac54de;Oney is momentarily unavailable.;Paiement avec Oney indisponible.;Oney is momentarily unavailable.;Oney is momentarily unavailable.;Pagamento tramite Oney non disponibile.
oneyrepository_80d89af49cffae6024239e2f8e5c6479;Please fill in the required fields;Merci de remplir les informations requises;Please fill in the required fields;Please fill in the required fields; Si prega di compilare le informazioni richieste
oneyrepository_8f78c319b19bcd8df800ef94c3d38906;Please enter your mobile phone number.;Veuillez saisir votre numéro de téléphone portable.;Please enter your mobile phone number.;Please enter your mobile phone number.;Ti preghiamo di inserire un numero di cellulare.
oneyrepository_dd46601b9b87688153c22df524830e8f;Please enter your shipping firstname.;Veuillez saisir votre prénom.;Please enter your shipping firstname.;Please enter your shipping firstname.;Per favore immettere il proprio Nome.
oneyrepository_c5c750b6d21be8ff4a9e1ca50d49275c;Please enter your billing firstname.;Veuillez saisir votre prénom.;Please enter your billing firstname.;Please enter your billing firstname.;Per favore immettere il proprio Nome.
oneyrepository_427d2eef786cda4bb73d9ec1429a34b9;Please enter your shipping lastname.;Veuillez saisir votre nom.;Please enter your shipping lastname.;Please enter your shipping lastname.;Per favore inserisci il tuo nome.
oneyrepository_dedb4c2f32fcb4121f25794a275d51ad;Please enter your billing lastname.;Veuillez saisir votre nom.;Please enter your billing lastname.;Please enter your billing lastname.;Per favore inserisci il tuo nome.
oneyrepository_46170db793b9e6e143d187c02a572b7c;Please enter your shipping address.;Veuillez saisir votre adresse de livraison.;Please enter your shipping address.;Please enter your shipping address.;Inserisci il tuo indirizzo di consegna.
oneyrepository_64f345381f968fbbd95f877090c2c984;Please enter your billing address.;Veuillez saisir votre adresse de facturation.;Please enter your billing address.;Please enter your billing address.;Inserisci il tuo indirizzo di fatturazione.
oneyrepository_ca443f17e9e3cddaee616db9d2614f00;Please enter your shipping postcode.;Veuillez saisir votre code postal.;Please enter your shipping postcode.;Please enter your shipping postcode.;Inserisci il tuo codice postale.
oneyrepository_d7d8445f5204c570511fedfc05fb6e90;Please enter your billing postcode.;Veuillez saisir votre code postal.;Please enter your billing postcode.;Please enter your billing postcode.;Inserisci il tuo codice postale.
oneyrepository_7cf56dac6ba06e2f2afce009f6da06b3;Please enter your shipping city.;Merci de saisir votre ville.;Please enter your shipping city.;Please enter your shipping city.;Inserisci la tua città.
oneyrepository_d14ca54db0343b2847cdfc14db5ac044;Please enter your billing city.;Merci de saisir votre ville.;Please enter your billing city.;Please enter your billing city.;Inserisci la tua città.
oneyrepository_0e7374c84fe9165359996cfbd2170263;Your city name is too long (max 32 characters). ;Le nom de la ville est trop long.;Your city name is too long (max 32 characters). ;Your city name is too long (max 32 characters). ;Il nome della tua città è troppo lungo (massimo 32 caratteri).
oneyrepository_32c3e242c32d31c5f400ac11508dac56;Please change it to another one or select another payment method.;Veuillez en saisir une qui ne dépasse pas 32 caractères.;Please change it to another one or select another payment method.;Please change it to another one or select another payment method.;Si prega di cambiarlo con un altro o selezionare un altro metodo di pagamento.
oneyrepository_aac66ee4fe28163f89c9a81633becc82;Payment in %sx;Paiement en %sx;Payment in %sx;Payment in %sx;Pagamento in %sx
oneyrepository_22d545ded224c1e3f0f821e99f01ed09;The total amount of your order should be between %s and %s to pay with Oney.;Le montant total de votre commande doit être compris entre %s et %s pour payer avec Oney.;The total amount of your order should be between %s and %s to pay with Oney.;The total amount of your order should be between %s and %s to pay with Oney.;L'importo totale del tuo ordine deve essere compreso tra %s e %s per pagare tramite Oney.
oneyrepository_0f3e17b27426f0c030c3a3a7f461cf7b;The cart is unvalid;Le panier n'est pas valide;The cart is unvalid;The cart is unvalid;Il carrello non è valido
oneyrepository_894c4c02bcabdf5622a6060175d3b0c6;The payment with Oney is not available ;;;;
"                because you have more than 1000 items in your cart.""";;;;;
oneyrepository_7eab6a6607c367867b134afc2df95e2e;No countries are configured to use oney.;Le paiement avec Oney n'est pas disponible.;No countries are configured to use oney.;No countries are configured to use oney.;Il pagamento tramite Oney non è disponibile
oneyrepository_b286504b1d4d5ee1aeb919ad1e1255b8;France, Martinique, Guadeloupe, La Reunion, Mayotte or French Guiana;France, Martinique, Guadeloupe, La Reunion, Mayotte ou Guyane;France, Martinique, Guadeloupe, La Reunion, Mayotte or French Guiana;France, Martinique, Guadeloupe, La Reunion, Mayotte or French Guiana;Francia, Martinìca, Guadalupa, la Riunione, Maiotta o Guyana francese
oneyrepository_1007e1b7f894dfbf72a0eaa80f3bc57e;Italy;Italie;Italy;Italy;Italia
oneyrepository_b53458989589381e9b1ed27bfbd19f99;For a payment with Oney, delivery and billing addresses must be in;Pour un paiement avec Oney, les adresses de livraison et de facturation doivent être en;;;
oneyrepository_170f5e9365a8f2305fea05a99c36dfcc;Your email address is not a valid email;L'adresse e-mail est invalide;L'adresse e-mail est invalide;L'adresse e-mail est invalide;L'adresse e-mail est invalide
oneyrepository_66db4a525eb92cc89e623164f4d3ce2f;Your email address is too long and the + character is not valid, ;;;;
"                        please change it to another address (max 100 characters).""";;;;;
oneyrepository_3ff05fcb2bc7bfaaf20acebcdf032333;Your email address is too long, ;;;;
"                        please change it to a shorter one (max 100 characters).""";;;;;
oneyrepository_73da643d69a0c7364d99424037572da9;The + character is not valid. ;;;;
"                        Please change your email address (100 characters max).""";;;;;
installrepository_f8de83b91b72e6ec6187ec099db513dc;Install failed: PHP Requirement.;;;;
installrepository_15c5748ad07e57922edcf16fcf375693;Install failed: cURL Requirement.;;;;
installrepository_c80aa81f12122d37378aa3973d85320d;Install failed: OpenSSL Requirement.;;;;
installrepository_6e2fa1ba498a2a66f5539eb6709bed44;Install failed:setConfig();;;;
installrepository_f2b05b7355eb3d9269ba7df0c302e187;Install failed: Create order states.;;;;
installrepository_3ab7238879ed59bc509f93ec7dbf389a;Install failed: Install SQL tables.;;;;
installrepository_235b2e0f4dbba1efda222eda06176c5b;Install failed: Install Tab;;;;
paymentrepository_8a0a4b4c9dbdb470b2efc50d0d38eb4e;[PaymentRepository] Error during payment creation process.;;;;
paymentrepository_cef5ffe1ea30cca7818c988c27467aed;The transaction was not completed and your card was not charged.;La transaction a échoué, votre carte de paiement ne sera pas débitée.;;;La transazione non è stata conclusa e non è stato effettuato alcun addebito sulla tua carta.
cardrepository_0d2d5fa0cfffc8577f948d683a82079e;Card sucessfully deleted.;Carte supprimée avec succès.;Card sucessfully deleted.;Card sucessfully deleted.;Carta eliminata con successo.